5396C1EE-1C2B-11E5-A01B-A45E60C92DE7,./profile1.csv
86296500-2A6B-11E5-9FBD-A45E60C92DE7,./profile2.csv
A7B14F2B-2FD3-11E5-842D-A45E60C92DE7,./profile3.csv
DADE87CA-2FF6-11E5-8AEA-A45E60C92DE7,./profile4.csv
A101A873-3934-11E5-9A1E-A45E60C92DE7,./profile5.csv
3F8290B3-3938-11E5-BD57-A45E60C92DE7,./profile1.csv
3F83DA63-3938-11E5-A933-A45E60C92DE7,./profile1.csv
3F83DB68-3938-11E5-808F-A45E60C92DE7,./profile1.csv
3F83DBF5-3938-11E5-8C9A-A45E60C92DE7,./profile1.csv
3F83DC6B-3938-11E5-A793-A45E60C92DE7,./profile1.csv
3F83DD14-3938-11E5-A9CD-A45E60C92DE7,./profile1.csv
3F83DEB8-3938-11E5-BA93-A45E60C92DE7,./profile1.csv
3F83DFEE-3938-11E5-B8DB-A45E60C92DE7,./profile1.csv
3F83E085-3938-11E5-BABD-A45E60C92DE7,./profile1.csv
3F83E100-3938-11E5-8D4D-A45E60C92DE7,./profile1.csv
3F83E18A-3938-11E5-AF9B-A45E60C92DE7,./profile1.csv
3F83E259-3938-11E5-B1E0-A45E60C92DE7,./profile1.csv
3F83E2E6-3938-11E5-9A93-A45E60C92DE7,./profile1.csv
3F83E44F-3938-11E5-9DAE-A45E60C92DE7,./profile1.csv
3F83E4E6-3938-11E5-BEDD-A45E60C92DE7,./profile1.csv
3F83E568-3938-11E5-8A5B-A45E60C92DE7,./profile1.csv
3F83E747-3938-11E5-9994-A45E60C92DE7,./profile1.csv
3F83E807-3938-11E5-9114-A45E60C92DE7,./profile1.csv
3F83E89C-3938-11E5-BBAC-A45E60C92DE7,./profile1.csv
3F83EA40-3938-11E5-99D3-A45E60C92DE7,./profile2.csv
3F83EAF3-3938-11E5-952E-A45E60C92DE7,./profile2.csv
3F83EB6E-3938-11E5-90EF-A45E60C92DE7,./profile2.csv
3F83ECAB-3938-11E5-958F-A45E60C92DE7,./profile2.csv
3F83ED75-3938-11E5-AC33-A45E60C92DE7,./profile2.csv
3F83EED1-3938-11E5-97A8-A45E60C92DE7,./profile2.csv
3F83F007-3938-11E5-98B5-A45E60C92DE7,./profile2.csv
3F83F08A-3938-11E5-8AF5-A45E60C92DE7,./profile2.csv
3F83F1CA-3938-11E5-BEC8-A45E60C92DE7,./profile2.csv
3F83F300-3938-11E5-9F88-A45E60C92DE7,./profile2.csv
3F83F39E-3938-11E5-9EEF-A45E60C92DE7,./profile2.csv
3F83F538-3938-11E5-89D6-A45E60C92DE7,./profile2.csv
3F83F617-3938-11E5-AA56-A45E60C92DE7,./profile2.csv
3F83F757-3938-11E5-8A82-A45E60C92DE7,./profile2.csv
3F83F882-3938-11E5-BDCD-A45E60C92DE7,./profile2.csv
3F83F92B-3938-11E5-A74E-A45E60C92DE7,./profile2.csv
3F83FAD9-3938-11E5-B9CB-A45E60C92DE7,./profile2.csv
3F83FB8F-3938-11E5-9F6D-A45E60C92DE7,./profile2.csv
3F83FCE1-3938-11E5-8A60-A45E60C92DE7,./profile2.csv
3F83FE0C-3938-11E5-936B-A45E60C92DE7,./profile3.csv
3F83FEB8-3938-11E5-96BF-A45E60C92DE7,./profile3.csv
3F840051-3938-11E5-B029-A45E60C92DE7,./profile3.csv
3F84010F-3938-11E5-8285-A45E60C92DE7,./profile3.csv
3F84025C-3938-11E5-844A-A45E60C92DE7,./profile3.csv
3F840385-3938-11E5-A450-A45E60C92DE7,./profile3.csv
3F840487-3938-11E5-948D-A45E60C92DE7,./profile3.csv
3F8405C0-3938-11E5-8CBC-A45E60C92DE7,./profile3.csv
3F84067D-3938-11E5-9CD6-A45E60C92DE7,./profile3.csv
3F8407B3-3938-11E5-BD8F-A45E60C92DE7,./profile3.csv
3F840957-3938-11E5-B8A8-A45E60C92DE7,./profile3.csv
3F840A1E-3938-11E5-923D-A45E60C92DE7,./profile3.csv
3F840AAB-3938-11E5-A2DA-A45E60C92DE7,./profile3.csv
3F840B73-3938-11E5-BC41-A45E60C92DE7,./profile3.csv
3F840C78-3938-11E5-801F-A45E60C92DE7,./profile3.csv
3F840DCC-3938-11E5-B3F8-A45E60C92DE7,./profile3.csv
3F840F0C-3938-11E5-B93E-A45E60C92DE7,./profile3.csv
3F840FD4-3938-11E5-BB3E-A45E60C92DE7,./profile3.csv
3F841114-3938-11E5-ADE2-A45E60C92DE7,./profile3.csv
3F84124A-3938-11E5-B96A-A45E60C92DE7,./profile4.csv
3F8412E8-3938-11E5-A279-A45E60C92DE7,./profile4.csv
3F841519-3938-11E5-BCBE-A45E60C92DE7,./profile4.csv
3F84160A-3938-11E5-984F-A45E60C92DE7,./profile4.csv
3F84174A-3938-11E5-9925-A45E60C92DE7,./profile4.csv
3F84186B-3938-11E5-9261-A45E60C92DE7,./profile4.csv
3F84196E-3938-11E5-899E-A45E60C92DE7,./profile4.csv
3F841AA3-3938-11E5-8DF1-A45E60C92DE7,./profile4.csv
3F841B6E-3938-11E5-AAD0-A45E60C92DE7,./profile4.csv
3F841C66-3938-11E5-BAC8-A45E60C92DE7,./profile4.csv
3F841DA6-3938-11E5-90FF-A45E60C92DE7,./profile4.csv
3F841E66-3938-11E5-9DBC-A45E60C92DE7,./profile4.csv
3F841F80-3938-11E5-9BAF-A45E60C92DE7,./profile4.csv
3F8420B5-3938-11E5-9990-A45E60C92DE7,./profile4.csv
3F84214A-3938-11E5-B135-A45E60C92DE7,./profile4.csv
3F842294-3938-11E5-9BFA-A45E60C92DE7,./profile4.csv
3F8423AB-3938-11E5-81F6-A45E60C92DE7,./profile4.csv
3F842487-3938-11E5-A2EE-A45E60C92DE7,./profile4.csv
3F8425E3-3938-11E5-B026-A45E60C92DE7,./profile4.csv
3F842699-3938-11E5-8E1F-A45E60C92DE7,./profile5.csv
3F8427CF-3938-11E5-851F-A45E60C92DE7,./profile5.csv
3F842905-3938-11E5-9641-A45E60C92DE7,./profile5.csv
3F84299C-3938-11E5-B239-A45E60C92DE7,./profile5.csv
3F842ADC-3938-11E5-99E5-A45E60C92DE7,./profile5.csv
3F842BFD-3938-11E5-B259-A45E60C92DE7,./profile5.csv
3F842D47-3938-11E5-A325-A45E60C92DE7,./profile5.csv
3F842E73-3938-11E5-8357-A45E60C92DE7,./profile5.csv
3F842F45-3938-11E5-A933-A45E60C92DE7,./profile5.csv
3F8430DE-3938-11E5-B3A9-A45E60C92DE7,./profile5.csv
3F8431A8-3938-11E5-933A-A45E60C92DE7,./profile5.csv
3F8432D4-3938-11E5-A8D3-A45E60C92DE7,./profile5.csv
3F84340A-3938-11E5-AEC4-A45E60C92DE7,./profile5.csv
3F8434B3-3938-11E5-90BB-A45E60C92DE7,./profile5.csv
3F84364C-3938-11E5-8058-A45E60C92DE7,./profile5.csv
3F843717-3938-11E5-ACC9-A45E60C92DE7,./profile5.csv
3F84385E-3938-11E5-B0F6-A45E60C92DE7,./profile5.csv
3F843982-3938-11E5-8FC4-A45E60C92DE7,./profile5.csv
3F843A73-3938-11E5-9687-A45E60C92DE7,./profile5.csv